Title,Firstname,Surname,Address,HomeTel,WorkTel,Mobile,PersonalEmail,WorkEmail,Printable
Mr,James,Anderson,,,,+44 7504 392152,,,
Mrs,Irene,Bardsley,"Labyrinth, 9 Clementhorpe Lane, Brough, East Riding of Yorkshire, HU15 2UQ",+44 1430 440386,,,,,Charlie Swires
Mr,Eric,Bastholm,"47 The Broadwater, Balajura, Western Australia, 6066",,,+61 438 879 003,,,"Charlie Swires,Charles Swires"
Mrs,Mala,Benn,"12 Overdale Grange, Skipton, North Yorkshire, BD23 6AG",,,+44 7891 762211,,,Charlie Swires
Mr,David,Blenkhorn,,,,+44 7974 821918,,,
Sat Broadband,Big,Blu,,,+44 1869 222900,,,,
Mr,Mark,Boulton,,,,+61 419 551 007,,,
Mrs,Melanie,Boulton,,,,+61 412 007 053,,,
Mr,Mike,Brannigan,,,,+44 7973 383004,mike@brannigan.org,,
Mr,Mike,Breeze,,+61 3 9376 1640,,,breeze.mj@gmail.com,,
Solicitors,Symes Bains,Broomer,"Port Office,  East Parade,  Goole,  DN14 5RB",,01405 763853,,,,
Mr,Darren,Brown,"49 Evans Street, Shenton Park, Western Australia, 6008",,,+61 438 438851,,,Charlie Swires
Mr,Lester,Brown,"69 Buchanan Way, Padbury, Perth, Western Australia, 6025",,,+61 478 920 578,,,Charlie Swires
Ms,Louise,Buchanan,"102 Crossfield Avenue,  Cowes,  Isle of Wight,  PO31 8EL",01983 298767,,07811 890533,,,Charlie Swires
Mr,Darren,Clifford,,,,07976174193,,darren.clifford@nhs.net,
Mrs,Helen,Coates,,+44 1430 440870,,,,,
Mrs,Annetta,Coggins," Amplifon, 22 Paragon St, Hull, HU1 3ND",," 01482 325427",,,annetta.coggins@amplifon.com,Charlie Swires
Mr,Graham,Cooper,,,01482 396132,,,graham.cooper@eastriding.gov.uk,
Rt. Hon.,David,Davis MP,,,+44 20 7219 5900,,,,
,Nigel,Denison,"Gimlet Associates, The Doctor's House, Main Street, Helperby, York, YO61 2NT",,,07786125148,,nigel.denison@gimletassociates.co.uk,
Mr,Phil,Doughty,"115, Brownshill Green Road, Coventry, West Midlands, CV6 2AR",,,+44 7980 379459,doughty101@googlemail.com,,Charlie Swires
Mr,Howard,Dykes,"Thornberry House, 12 Boothferry Road Avenue, Howden, Goole, East Riding of Yorkshire, DN14 7TB",,,,,,Charlie Swires
Mrs,Sue,Dykes,"Thornberry House, 12 Boothferry Road Avenue, Howden, Goole, East Riding of Yorkshire, DN14 7TB",,,,,,Charlie Swires
Mr,Tony,Ferguson,"West Dene, Cleland Road, Chalfont St Peter, SL9 9BG",,,07769 361 795,,tony@ibl.ie,Charlie Swires
Mr,Mark,Fieldhouse,"1 Queen Street, Haworth, Keighley, BD22 8QB",,,+44 7799 765983,"mark@mediasolutions.co.uk ",,Charlie Swires
Mr,Neil,Fisher,,,,+61 438 863 006,,,
Mr,Darren,Forster,"12 Kirktonhill Road, Swindon, Swindon Wiltshire, SN57 AF",,,+44 7470 434466,,,Charlie Swires
Mr & Mrs,Peter + Judith,Frampton,"28 Winmore Court, Wetherby Road, Leeds, West Yorkshire",+44 1132650866,,,pframpton747@btinternet.com,,Charlie Swires
Mrs,Bremini,Ganeson,,,,+61 413 711 595,,,
Mrs,Edna,Gant,"Room 25, Berry Masonic Village, 41 Albany Lane, Berry, NSW Australia 2535",+61 2 4412 6000,,,,,Charlie Swires
Mrs,Barbara,Gibson,,+44 1964 623661,,,,,
Mr,Andy,Guest,,,,+44 7900 566959,,,
Mr,Craig,Hansom,,,,+61 407 997 339,,,
Mrs,Catherine,Holman,"10 Henry Road, Cottesloe, Western Australia, Australia, 6011",,,+61 438 879 009,,,Charlie Swires
Mr,Andrew,Horwich,"2 Park Square, Laneham Street, Scunthorpe, North Lincolnshire, DN15 6JH",,01724 281616,,,andrew.horwich@sbblaw.com,Charlie Swires
Mr,Joerg,Huber,,,,+61 407 452 908,,,
Mr,Graham,Hughes,,,,+61 404 250 466,,,
Mrs,Jane,Irisa,,,,,floodplain@hotmail.co.uk,,
Mr,Dennis,Johnston,,+44 1430 410684,,,,,
Mr & Mrs,Brian + Gillian,Kent,"39 Grainsby Avenue, Holton-Le-Clay, Grimsby, DN36 5BL",,,+44 7710722068,,,Charlie Swires
Dr,Slav,Kostov,,,,+44 450 006 458,,,
Mr,Ian,Lamb,,+44 1430 440158,,+44 7572 949674,,,
Mr,Ian,Lankshear,"1 Chiltern End Close, Henley-on-thames, Oxon, RG9 1SQ",,,+44 7736 619510,,,Charlie Swires
Miss,Helen,Laverack,"Metham Grange, Old Trough Lane, Hive, East Yorkshire, HU15 2XR",+44 1430 440326,,+44 7828569794,helenlaverack@yahoo.co.uk,,"Charlie Swires,Cheryl Swires"
Restaurant,Bibis,Leeds,,,+44 113 243 0905,,,,
Rental,Enterprise,Leeds Opt 4,,,01132 777740,,,,
Mr,Nigel,Lingard(Sparky),,,,+44 7850 638468,,,
Mr,James,Lofthouse,,+44 1535 658351,,+44 7930 647587,,,
Mrs,Rajashri,Mahale,"48 Twine Road, WF2 8FQ",,,07878952574,,,Charlie Swires
Mr,Andy,McManus,,,,+61 411 144301,,,
Mr,David,Mind,,,,+447399662020,,,
Mr,Geoff,Moss,,,,+61 422 559 219,,,
Mrs,Sarann,Moz,"5 Buckstone Crescent, Leeds, West Yorkshire, LS17 5HB",,,+44 7920754247,,,Charlie Swires
Mr,Dave,Murdie,,,,+44 7941 372169,,,
Mr,Max,Noble,,,,+61 408 800 342,,,
Mrs,Gemma,Oughtred,"Cygnet PCN, Woodland Avenue, Goole, DN14 6RU",," 07853 419 798"," 07853 419 798",,g.oughtred@nhs.net,Charlie Swires
Mr,Gavin,Parry,,,,+44 7941 080476,,,
Rt. Hon.,Andrew,Percy MP,"81-83 Pasture Road, Goole, East Riding of Yorkshire, DN14 6BP"," 01405 767969",020 7219 7208,," brigg.goole@gmail.com"," andrew.percy.mp@parliament.uk",Charlie Swires
Mr,Shaun,Pinchbeck,"Bridge Employment Law, Blake House, 18 Blake Street, York, YO1 8QG",,,07548 767505,,shaun@bridgeehr.co.uk,Charlie Swires
Mrs,Ellen,Pommerening,"Walter-Schüler-Weg 9, 22459 Hamburg",,,,,,Charlie Swires
Mr,Gavin,Powell,,,01430448033,07939916728,,,
Mrs,Janet,Raven,,,,+44 7990 510226,,,
Mrs,Janet,Rees,,,,+44 7817 974919,,,
Mr,Neil,Robertson,,,,+61 449 019 760,,,
Miss,Marjorie,Robinson,"15 Springfield, Springfield, HOWDEN, GOOLE, DN14 7TX ",+44 1430 430104,,,,,Charlie Swires
Mr,Greg,Salotti,,,,+61 438 872 008,,greg@systemic.com.au,
Ms,Helen,Saville,,,,07980013669,,,
Rental,Enterprise,Selby opt 4,,,01757 616566,,,,
Dr,Bulla,Singh,"59 Kirklees Drive, Farsley, Pudsey, Leeds, LS28 5TD",,,+44 7976 884062,bullasingh@hotmail.com,,Charlie Swires
Mrs,Ann,Smith,,,,+44 7428 738988,,,
Mr,Alastair,Stephenson,"51 Langley Lane, Bailden, West Yorkshire, BD17 6TG",,,+44 7475 603323,,,Charlie Swires
Mr,Dan,Sutcliffe,"42 rd Millhouses, Sheffield, South Yorkshire, S72 LD",,,+44 7914 721568,,,
Mr,Charles,Swires,"14 St Andrews Court, Fourth Avenue, Goole, East Riding of Yorkshire, DN14 6JT",+44 1430 440375,,+44 7596974113,charlieswires@gmail.com,,
Miss,Cheryl,Swires,"Hive Lane Cottage, Hive Lane, Hive, Brough, East Yorkshire, HU15 2FR",+44 1430 440375,,+44 7543290450,cheryl.swires@gmx.co.uk,,Charlie Swires
Ms,Clare,Swires,"2 Maple Walk, Hook Road, Goole, East Yorkshire, DN14 5XN",+44 1405 769673,+44 1430 440375,+44 7540 634722,clouiseswires@gmail.com,,Charlie Swires
Miss,Josey,Tagg,,,,+447947913841,,jtagg@heymind.org.uk,
Taxi,Bronte,Taxi,,,+44 1535 644442,,,,
Mr,Vincent,Taxi," 5 Grosvenor Ave, Goole DN14 6UT, United Kingdom",,,+44 7540 095126,,,
Mr,Pete,Thompson,,,,+44 7720 432184,mail@thompet.plus.com,,
Mr,Andy,Thurling,,,,+44 7799 280043,,,
Mr,James,Tomaszek,,,,+44 7547 820971," jamestomaszek@hotmail.com",,
Mr,Graham,Wallis,,,,+61 409 317 362,,,
Mr,Michael,Walsh,,,,+44 7979 844630,,,
Mr,Tim,Whitworth,"41 Snowdrop Garth, YO43 4DW",,,+44 7432606509,,,Charlie Swires
Mr,Bob,Wightman,,,,+44 7843 233280,,,
Ms,Caroline,Wilson,,,,+44 7801 689570,,,
Mrs,Sally,Wilson,"Scalby Grange, Gilberdyke, Brough, East Riding of Yorkshire",,,,,,Charlie Swires
Mr,Neil,Winter,"6 Stoney End, Mattishall, Dereham, Norfolk, NR20 2RY",+44 1362 857883,,,,,Charlie Swires
Mr,Paul,Winter,"8 Buttfield Road, Howden, DN14 7DW",+44 1430 431223,,,,,Charlie Swires
Mrs,Wendy,Winter,"11 Boothferry Road Avenue, Howden, Goole, East Riding of Yorkshire, DN14 7TB",+44 1430 432098,,,,,Charlie Swires
Delivery,Wok88,Wok88,"147 Pasture Rd, Goole DN14 6DP",,01405 766770,,,,
Mr,Luca,Woodpeckers,,,,+61 421 079951,,,
Mr,Nathan,Woodpeckers,,,,+61 433 973 132,,,
Mr,Steve,Woods,,,,+44 7545 154696,woods.steven@blueyonder.co.uk,,
X-Ray,X-Ray,X-Ray,"Goole Hospital, Goole",,03033304045,,,,Rajashri Mahale
